Cidade,Estado,Transportadora
AbadiadosDourados,Minas Gerais,THMTRANSPORTEELOGISTICALTDA
Abaeté,Minas Gerais,THMTRANSPORTEELOGISTICALTDA
AbreCampo,Minas Gerais,THMTRANSPORTEELOGISTICALTDA
Acaiaca,Minas Gerais,THMTRANSPORTEELOGISTICALTDA
Açucena,Minas Gerais,THMTRANSPORTEELOGISTICALTDA
ÁguaBoa,Minas Gerais,THMTRANSPORTEELOGISTICALTDA
Água Comprida,Minas Gerais,THMTRANSPORTEELOGISTICALTDA
Aguanil,Minas Gerais,THMTRANSPORTEELOGISTICALTDA
Águas Formosas,Minas Gerais,THMTRANSPORTEELOGISTICALTDA
Águas Vermelhas,Minas Gerais,THMTRANSPORTEELOGISTICALTDA
Aimorés,Minas Gerais,THMTRANSPORTEELOGISTICALTDA
Aiuruoca,Minas Gerais,THMTRANSPORTEELOGISTICALTDA
Alagoa,Minas Gerais,THMTRANSPORTEELOGISTICALTDA
Albertina,Minas Gerais,THMTRANSPORTEELOGISTICALTDA
Além Paraíba,Minas Gerais,THMTRANSPORTEELOGISTICALTDA
Alfenas,Minas Gerais,THMTRANSPORTEELOGISTICALTDA
Alfredo Vasconcelos,Minas Gerais,THMTRANSPORTEELOGISTICALTDA
Almenara,Minas Gerais,THMTRANSPORTEELOGISTICALTDA
Alpercata,Minas Gerais,THMTRANSPORTEELOGISTICALTDA
Alpinópolis,Minas Gerais,THMTRANSPORTEELOGISTICALTDA
Alterosa,Minas Gerais,THMTRANSPORTEELOGISTICALTDA
AltoCaparaó,Minas Gerais,THMTRANSPORTEELOGISTICALTDA
AltoRioDoce,Minas Gerais,THMTRANSPORTEELOGISTICALTDA
Alvarenga,Minas Gerais,THMTRANSPORTEELOGISTICALTDA
Alvinópolis,Minas Gerais,THMTRANSPORTEELOGISTICALTDA
Alvorada de Minas,Minas Gerais,THMTRANSPORTEELOGISTICALTDA
AmparodoSerra,Minas Gerais,THMTRANSPORTEELOGISTICALTDA
Andradas,Minas Gerais,E4LOGSOLUCOESLOGISTICASLTDA
Cachoeira de Pajeú,Minas Gerais,THMTRANSPORTEELOGISTICALTDA
Andrelândia,Minas Gerais,THMTRANSPORTEELOGISTICALTDA
Angelândia,Minas Gerais,THMTRANSPORTEELOGISTICALTDA
AntônioCarlos,Minas Gerais,THMTRANSPORTEELOGISTICALTDA
AntônioDias,Minas Gerais,THMTRANSPORTEELOGISTICALTDA
Antônio Prado de Minas,Minas Gerais,THMTRANSPORTEELOGISTICALTDA
Araçaí,Minas Gerais,THMTRANSPORTEELOGISTICALTDA
Aracitaba,Minas Gerais,THMTRANSPORTEELOGISTICALTDA
Araçuaí,Minas Gerais,THMTRANSPORTEELOGISTICALTDA
Araguari,Minas Gerais,E4LOGSOLUCOESLOGISTICASLTDA
Arantina,Minas Gerais,THMTRANSPORTEELOGISTICALTDA
Araponga,Minas Gerais,THMTRANSPORTEELOGISTICALTDA
Araporã,Minas Gerais,THMTRANSPORTEELOGISTICALTDA
Arapuá,Minas Gerais,THMTRANSPORTEELOGISTICALTDA
Araújos,Minas Gerais,THMTRANSPORTEELOGISTICALTDA
Araxá,Minas Gerais,THMTRANSPORTEELOGISTICALTDA
Arceburgo,Minas Gerais,THMTRANSPORTEELOGISTICALTDA
Arcos,Minas Gerais,THMTRANSPORTEELOGISTICALTDA
Areado,Minas Gerais,THMTRANSPORTEELOGISTICALTDA
Argirita,Minas Gerais,THMTRANSPORTEELOGISTICALTDA
Aricanduva,Minas Gerais,THMTRANSPORTEELOGISTICALTDA
Arinos,Minas Gerais,THMTRANSPORTEELOGISTICALTDA
Astolfo Dutra,Minas Gerais,THMTRANSPORTEELOGISTICALTDA
Ataléia,Minas Gerais,THMTRANSPORTEELOGISTICALTDA
Augusto de Lima,Minas Gerais,THMTRANSPORTEELOGISTICALTDA
Baependi,Minas Gerais,THMTRANSPORTEELOGISTICALTDA
Baldim,Minas Gerais,THMTRANSPORTEELOGISTICALTDA
Bambuí,Minas Gerais,THMTRANSPORTEELOGISTICALTDA
Bandeira,Minas Gerais,THMTRANSPORTEELOGISTICALTDA
Bandeira doSul,Minas Gerais,E4LOGSOLUCOESLOGISTICASLTDA
Barão de Cocais,Minas Gerais,THMTRANSPORTEELOGISTICALTDA
Barãode Monte Alto,Minas Gerais,THMTRANSPORTEELOGISTICALTDA
Barbacena,Minas Gerais,THMTRANSPORTEELOGISTICALTDA
BarraLonga,Minas Gerais,THMTRANSPORTEELOGISTICALTDA
Barroso,Minas Gerais,THMTRANSPORTEELOGISTICALTDA
BelaVista de Minas,Minas Gerais,THMTRANSPORTEELOGISTICALTDA
Belmiro Braga,Minas Gerais,THMTRANSPORTEELOGISTICALTDA
BeloHorizonte,Minas Gerais,THMTRANSPORTEELOGISTICALTDA
Belo Oriente,Minas Gerais,THMTRANSPORTEELOGISTICALTDA
BeloVale,Minas Gerais,THMTRANSPORTEELOGISTICALTDA
Berilo,Minas Gerais,THMTRANSPORTEELOGISTICALTDA
Bertópolis,Minas Gerais,THMTRANSPORTEELOGISTICALTDA
Berizal,Minas Gerais,THMTRANSPORTEELOGISTICALTDA
Betim,Minas Gerais,THMTRANSPORTEELOGISTICALTDA
BiasFortes,Minas Gerais,THMTRANSPORTEELOGISTICALTDA
Bicas,Minas Gerais,THMTRANSPORTEELOGISTICALTDA
Biquinhas,Minas Gerais,THMTRANSPORTEELOGISTICALTDA
Boa Esperança,Minas Gerais,THMTRANSPORTEELOGISTICALTDA
Bocaina de Minas,Minas Gerais,THMTRANSPORTEELOGISTICALTDA
Bocaiúva,Minas Gerais,THMTRANSPORTEELOGISTICALTDA
BomDespacho,Minas Gerais,THMTRANSPORTEELOGISTICALTDA
Bom Jardim de Minas,Minas Gerais,THMTRANSPORTEELOGISTICALTDA
Bom Jesus da Penha,Minas Gerais,THMTRANSPORTEELOGISTICALTDA
Bom Jesus do Amparo,Minas Gerais,THMTRANSPORTEELOGISTICALTDA
Bom Jesus do Galho,Minas Gerais,THMTRANSPORTEELOGISTICALTDA
Bom Repouso,Minas Gerais,THMTRANSPORTEELOGISTICALTDA
Bom Sucesso,Minas Gerais,THMTRANSPORTEELOGISTICALTDA
Bonfim,Minas Gerais,THMTRANSPORTEELOGISTICALTDA
Bonfinópolis de Minas,Minas Gerais,THMTRANSPORTEELOGISTICALTDA
Bonito de Minas,Minas Gerais,THMTRANSPORTEELOGISTICALTDA
BordadaMata,Minas Gerais,E4LOGSOLUCOESLOGISTICASLTDA
Botelhos,Minas Gerais,E4LOGSOLUCOESLOGISTICASLTDA
Botumirim,Minas Gerais,THMTRANSPORTEELOGISTICALTDA
Brasilândia de Minas,Minas Gerais,THMTRANSPORTEELOGISTICALTDA
Brasília de Minas,Minas Gerais,THMTRANSPORTEELOGISTICALTDA
Brá sPires,Minas Gerais,THMTRANSPORTEELOGISTICALTDA
Braúnas,Minas Gerais,THMTRANSPORTEELOGISTICALTDA
Brazópolis,Minas Gerais,THMTRANSPORTEELOGISTICALTDA
Brumadinho,Minas Gerais,THMTRANSPORTEELOGISTICALTDA
Bueno Brandão,Minas Gerais,THMTRANSPORTEELOGISTICALTDA
Buenópolis,Minas Gerais,THMTRANSPORTEELOGISTICALTDA
Bugre,Minas Gerais,THMTRANSPORTEELOGISTICALTDA
Buritis,Minas Gerais,THMTRANSPORTEELOGISTICALTDA
Buritizeiro,Minas Gerais,THMTRANSPORTEELOGISTICALTDA
Cabeceira Grande,Minas Gerais,THMTRANSPORTEELOGISTICALTDA
CaboVerde,Minas Gerais,THMTRANSPORTEELOGISTICALTDA
Cachoeira da Prata,Minas Gerais,THMTRANSPORTEELOGISTICALTDA
Cachoeira de Minas,Minas Gerais,THMTRANSPORTEELOGISTICALTDA
Cachoeira Dourada,Minas Gerais,THMTRANSPORTEELOGISTICALTDA
Caetanópolis,Minas Gerais,THMTRANSPORTEELOGISTICALTDA
Caeté,Minas Gerais,THMTRANSPORTEELOGISTICALTDA
Caiana,Minas Gerais,E4LOGSOLUCOESLOGISTICASLTDA
Cajuri,Minas Gerais,THMTRANSPORTEELOGISTICALTDA
Caldas,Minas Gerais,THMTRANSPORTEELOGISTICALTDA
Camacho,Minas Gerais,THMTRANSPORTEELOGISTICALTDA
Camanducaia,Minas Gerais,E4LOGSOLUCOESLOGISTICASLTDA
Cambuí,Minas Gerais,E4LOGSOLUCOESLOGISTICASLTDA
Cambuquira,Minas Gerais,THMTRANSPORTEELOGISTICALTDA
Campanário,Minas Gerais,THMTRANSPORTEELOGISTICALTDA
Campanha,Minas Gerais,E4LOGSOLUCOESLOGISTICASLTDA
Campestre,Minas Gerais,E4LOGSOLUCOESLOGISTICASLTDA
Campina Verde,Minas Gerais,THMTRANSPORTEELOGISTICALTDA
Campo Azul,Minas Gerais,THMTRANSPORTEELOGISTICALTDA
Campo Belo,Minas Gerais,THMTRANSPORTEELOGISTICALTDA
Campo do Meio,Minas Gerais,THMTRANSPORTEELOGISTICALTDA
Campo Florido,Minas Gerais,THMTRANSPORTEELOGISTICALTDA
Campos Altos,Minas Gerais,THMTRANSPORTEELOGISTICALTDA
Campos Gerais,Minas Gerais,THMTRANSPORTEELOGISTICALTDA
Canaã,Minas Gerais,THMTRANSPORTEELOGISTICALTDA
Canápolis,Minas Gerais,THMTRANSPORTEELOGISTICALTDA
CanaVerde,Minas Gerais,THMTRANSPORTEELOGISTICALTDA
Candeias,Minas Gerais,THMTRANSPORTEELOGISTICALTDA
Cantagalo,Minas Gerais,THMTRANSPORTEELOGISTICALTDA
Caparaó,Minas Gerais,THMTRANSPORTEELOGISTICALTDA
Capela Nova,Minas Gerais,THMTRANSPORTEELOGISTICALTDA
Capelinha,Minas Gerais,THMTRANSPORTEELOGISTICALTDA
Capetinga,Minas Gerais,THMTRANSPORTEELOGISTICALTDA
Capim Branco,Minas Gerais,THMTRANSPORTEELOGISTICALTDA
Capinópolis,Minas Gerais,THMTRANSPORTEELOGISTICALTDA
Capitão Andrade,Minas Gerais,THMTRANSPORTEELOGISTICALTDA
Capitão Enéas,Minas Gerais,THMTRANSPORTEELOGISTICALTDA
Capitólio,Minas Gerais,THMTRANSPORTEELOGISTICALTDA
Caputira,Minas Gerais,THMTRANSPORTEELOGISTICALTDA
Caraí,Minas Gerais,THMTRANSPORTEELOGISTICALTDA
Caranaíba,Minas Gerais,THMTRANSPORTEELOGISTICALTDA
Carandaí,Minas Gerais,THMTRANSPORTEELOGISTICALTDA
Carangola,Minas Gerais,THMTRANSPORTEELOGISTICALTDA
Caratinga,Minas Gerais,THMTRANSPORTEELOGISTICALTDA
Carbonita,Minas Gerais,THMTRANSPORTEELOGISTICALTDA
Careaçu,Minas Gerais,E4LOGSOLUCOESLOGISTICASLTDA
Carlos Chagas,Minas Gerais,THMTRANSPORTEELOGISTICALTDA
Carmésia,Minas Gerais,THMTRANSPORTEELOGISTICALTDA
Carmo da Cachoeira,Minas Gerais,THMTRANSPORTEELOGISTICALTDA
Carmo da Mata,Minas Gerais,THMTRANSPORTEELOGISTICALTDA
Carmo de Minas,Minas Gerais,THMTRANSPORTEELOGISTICALTDA
Carmo do Cajuru,Minas Gerais,THMTRANSPORTEELOGISTICALTDA
Carmo do Paranaíba,Minas Gerais,THMTRANSPORTEELOGISTICALTDA
Carmodo Rio Claro,Minas Gerais,THMTRANSPORTEELOGISTICALTDA
Carmópo lisde Minas,Minas Gerais,THMTRANSPORTEELOGISTICALTDA
Carneirinho,Minas Gerais,THMTRANSPORTEELOGISTICALTDA
Carrancas,Minas Gerais,THMTRANSPORTEELOGISTICALTDA
Carvalhópolis,Minas Gerais,THMTRANSPORTEELOGISTICALTDA
Carvalhos,Minas Gerais,THMTRANSPORTEELOGISTICALTDA
CasaGrande,Minas Gerais,THMTRANSPORTEELOGISTICALTDA
CascalhoRico,Minas Gerais,THMTRANSPORTEELOGISTICALTDA
Cássia,Minas Gerais,THMTRANSPORTEELOGISTICALTDA
Conceição da Barra deMinas,Minas Gerais,THMTRANSPORTEELOGISTICALTDA
Cataguases,Minas Gerais,THMTRANSPORTEELOGISTICALTDA
CatasAltas,Minas Gerais,THMTRANSPORTEELOGISTICALTDA
Catas Altas da Noruega,Minas Gerais,THMTRANSPORTEELOGISTICALTDA
Catuji,Minas Gerais,THMTRANSPORTEELOGISTICALTDA
Catuti,Minas Gerais,THMTRANSPORTEELOGISTICALTDA
Caxambu,Minas Gerais,THMTRANSPORTEELOGISTICALTDA
Cedro do Abaeté,Minas Gerais,THMTRANSPORTEELOGISTICALTDA
Central de Minas,Minas Gerais,THMTRANSPORTEELOGISTICALTDA
Centralina,Minas Gerais,THMTRANSPORTEELOGISTICALTDA
Chácara,Minas Gerais,THMTRANSPORTEELOGISTICALTDA
Chalé,Minas Gerais,THMTRANSPORTEELOGISTICALTDA
Chapadado Norte,Minas Gerais,THMTRANSPORTEELOGISTICALTDA
Chapada Gaúcha,Minas Gerais,THMTRANSPORTEELOGISTICALTDA
Chiador,Minas Gerais,THMTRANSPORTEELOGISTICALTDA
Cipotânea,Minas Gerais,THMTRANSPORTEELOGISTICALTDA
Claraval,Minas Gerais,THMTRANSPORTEELOGISTICALTDA
Clarodos Poções,Minas Gerais,THMTRANSPORTEELOGISTICALTDA
Cláudio,Minas Gerais,THMTRANSPORTEELOGISTICALTDA
Coimbra,Minas Gerais,THMTRANSPORTEELOGISTICALTDA
Coluna,Minas Gerais,THMTRANSPORTEELOGISTICALTDA
ComendadorGomes,Minas Gerais,THMTRANSPORTEELOGISTICALTDA
Comercinho,Minas Gerais,THMTRANSPORTEELOGISTICALTDA
ConceiçãodaAparecida,Minas Gerais,THMTRANSPORTEELOGISTICALTDA
ConceiçãodasPedras,Minas Gerais,THMTRANSPORTEELOGISTICALTDA
ConceiçãodasAlagoas,Minas Gerais,THMTRANSPORTEELOGISTICALTDA
ConceiçãodeIpanema,Minas Gerais,THMTRANSPORTEELOGISTICALTDA
ConceiçãodoMatoDentro,Minas Gerais,THMTRANSPORTEELOGISTICALTDA
ConceiçãodoPará,Minas Gerais,THMTRANSPORTEELOGISTICALTDA
ConceiçãodoRioVerde,Minas Gerais,THMTRANSPORTEELOGISTICALTDA
ConceiçãodosOuros,Minas Gerais,THMTRANSPORTEELOGISTICALTDA
CônegoMarinho,Minas Gerais,THMTRANSPORTEELOGISTICALTDA
Confins,Minas Gerais,THMTRANSPORTEELOGISTICALTDA
Congonhal,Minas Gerais,E4LOGSOLUCOESLOGISTICASLTDA
Congonhas,Minas Gerais,THMTRANSPORTEELOGISTICALTDA
CongonhasdoNorte,Minas Gerais,THMTRANSPORTEELOGISTICALTDA
Conquista,Minas Gerais,THMTRANSPORTEELOGISTICALTDA
ConselheiroLafaiete,Minas Gerais,THMTRANSPORTEELOGISTICALTDA
ConselheiroPena,Minas Gerais,THMTRANSPORTEELOGISTICALTDA
Consolação,Minas Gerais,THMTRANSPORTEELOGISTICALTDA
Contagem,Minas Gerais,THMTRANSPORTEELOGISTICALTDA
Coqueiral,Minas Gerais,THMTRANSPORTEELOGISTICALTDA
CoraçãodeJesus,Minas Gerais,THMTRANSPORTEELOGISTICALTDA
Cordisburgo,Minas Gerais,THMTRANSPORTEELOGISTICALTDA
Cordislândia,Minas Gerais,THMTRANSPORTEELOGISTICALTDA
Corinto,Minas Gerais,THMTRANSPORTEELOGISTICALTDA
Coroaci,Minas Gerais,THMTRANSPORTEELOGISTICALTDA
Coromandel,Minas Gerais,THMTRANSPORTEELOGISTICALTDA
CoronelFabriciano,Minas Gerais,THMTRANSPORTEELOGISTICALTDA
CoronelMurta,Minas Gerais,THMTRANSPORTEELOGISTICALTDA
CoronelPacheco,Minas Gerais,THMTRANSPORTEELOGISTICALTDA
CoronelXavierChaves,Minas Gerais,THMTRANSPORTEELOGISTICALTDA
CórregoDanta,Minas Gerais,THMTRANSPORTEELOGISTICALTDA
CórregodoBomJesus,Minas Gerais,THMTRANSPORTEELOGISTICALTDA
CórregoFundo,Minas Gerais,THMTRANSPORTEELOGISTICALTDA
CórregoNovo,Minas Gerais,THMTRANSPORTEELOGISTICALTDA
CoutodeMagalhãesdeMinas,Minas Gerais,THMTRANSPORTEELOGISTICALTDA
Crisólita,Minas Gerais,THMTRANSPORTEELOGISTICALTDA
Cristais,Minas Gerais,THMTRANSPORTEELOGISTICALTDA
Cristália,Minas Gerais,THMTRANSPORTEELOGISTICALTDA
CristianoOtoni,Minas Gerais,THMTRANSPORTEELOGISTICALTDA
Cristina,Minas Gerais,THMTRANSPORTEELOGISTICALTDA
Crucilândia,Minas Gerais,THMTRANSPORTEELOGISTICALTDA
CruzeirodaFortaleza,Minas Gerais,THMTRANSPORTEELOGISTICALTDA
Cruzília,Minas Gerais,THMTRANSPORTEELOGISTICALTDA
Cuparaque,Minas Gerais,THMTRANSPORTEELOGISTICALTDA
CurraldeDentro,Minas Gerais,THMTRANSPORTEELOGISTICALTDA
Curvelo,Minas Gerais,THMTRANSPORTEELOGISTICALTDA
Datas,Minas Gerais,THMTRANSPORTEELOGISTICALTDA
DelfimMoreira,Minas Gerais,THMTRANSPORTEELOGISTICALTDA
Delfinópolis,Minas Gerais,THMTRANSPORTEELOGISTICALTDA
Delta,Minas Gerais,E4LOGSOLUCOESLOGISTICASLTDA
Descoberto,Minas Gerais,THMTRANSPORTEELOGISTICALTDA
DesterrodeEntreRios,Minas Gerais,THMTRANSPORTEELOGISTICALTDA
DesterrodoMelo,Minas Gerais,THMTRANSPORTEELOGISTICALTDA
Diamantina,Minas Gerais,THMTRANSPORTEELOGISTICALTDA
DiogodeVasconcelos,Minas Gerais,THMTRANSPORTEELOGISTICALTDA
Dionísio,Minas Gerais,THMTRANSPORTEELOGISTICALTDA
Divinésia,Minas Gerais,THMTRANSPORTEELOGISTICALTDA
Divino,Minas Gerais,THMTRANSPORTEELOGISTICALTDA
DivinodasLaranjeiras,Minas Gerais,THMTRANSPORTEELOGISTICALTDA
DivinolândiadeMinas,Minas Gerais,THMTRANSPORTEELOGISTICALTDA
Divinópolis,Minas Gerais,THMTRANSPORTEELOGISTICALTDA
DivisaAlegre,Minas Gerais,THMTRANSPORTEELOGISTICALTDA
DivisaNova,Minas Gerais,THMTRANSPORTEELOGISTICALTDA
Divisópolis,Minas Gerais,THMTRANSPORTEELOGISTICALTDA
DomBosco,Minas Gerais,THMTRANSPORTEELOGISTICALTDA
DomCavati,Minas Gerais,THMTRANSPORTEELOGISTICALTDA
DomJoaquim,Minas Gerais,THMTRANSPORTEELOGISTICALTDA
DomSilvério,Minas Gerais,THMTRANSPORTEELOGISTICALTDA
DomViçoso,Minas Gerais,THMTRANSPORTEELOGISTICALTDA
DonaEuzébia,Minas Gerais,THMTRANSPORTEELOGISTICALTDA
DoresdeCampos,Minas Gerais,THMTRANSPORTEELOGISTICALTDA
DoresdeGuanhães,Minas Gerais,THMTRANSPORTEELOGISTICALTDA
DoresdoIndaiá,Minas Gerais,THMTRANSPORTEELOGISTICALTDA
DoresdoTurvo,Minas Gerais,THMTRANSPORTEELOGISTICALTDA
Doresópolis,Minas Gerais,THMTRANSPORTEELOGISTICALTDA
Douradoquara,Minas Gerais,THMTRANSPORTEELOGISTICALTDA
Durandé,Minas Gerais,THMTRANSPORTEELOGISTICALTDA
ElóiMendes,Minas Gerais,E4LOGSOLUCOESLOGISTICASLTDA
EngenheiroCaldas,Minas Gerais,THMTRANSPORTEELOGISTICALTDA
EngenheiroNavarro,Minas Gerais,THMTRANSPORTEELOGISTICALTDA
EntreFolhas,Minas Gerais,THMTRANSPORTEELOGISTICALTDA
EntreRiosdeMinas,Minas Gerais,THMTRANSPORTEELOGISTICALTDA
Ervália,Minas Gerais,THMTRANSPORTEELOGISTICALTDA
Esmeraldas,Minas Gerais,THMTRANSPORTEELOGISTICALTDA
EsperaFeliz,Minas Gerais,THMTRANSPORTEELOGISTICALTDA
Espinosa,Minas Gerais,THMTRANSPORTEELOGISTICALTDA
EspíritoSantodoDourado,Minas Gerais,THMTRANSPORTEELOGISTICALTDA
Estiva,Minas Gerais,E4LOGSOLUCOESLOGISTICASLTDA
EstrelaDalva,Minas Gerais,THMTRANSPORTEELOGISTICALTDA
EstreladoIndaiá,Minas Gerais,THMTRANSPORTEELOGISTICALTDA
EstreladoSul,Minas Gerais,THMTRANSPORTEELOGISTICALTDA
Eugenópolis,Minas Gerais,THMTRANSPORTEELOGISTICALTDA
EwbankdaCâmara,Minas Gerais,THMTRANSPORTEELOGISTICALTDA
Extrema,Minas Gerais,E4LOGSOLUCOESLOGISTICASLTDA
Fama,Minas Gerais,THMTRANSPORTEELOGISTICALTDA
FariaLemos,Minas Gerais,THMTRANSPORTEELOGISTICALTDA
FelíciodosSantos,Minas Gerais,THMTRANSPORTEELOGISTICALTDA
SãoGonçalodoRioPreto,Minas Gerais,THMTRANSPORTEELOGISTICALTDA
Felisburgo,Minas Gerais,THMTRANSPORTEELOGISTICALTDA
Felixlândia,Minas Gerais,THMTRANSPORTEELOGISTICALTDA
FernandesTourinho,Minas Gerais,THMTRANSPORTEELOGISTICALTDA
Ferros,Minas Gerais,THMTRANSPORTEELOGISTICALTDA
Fervedouro,Minas Gerais,THMTRANSPORTEELOGISTICALTDA
Florestal,Minas Gerais,THMTRANSPORTEELOGISTICALTDA
Formiga,Minas Gerais,THMTRANSPORTEELOGISTICALTDA
Formoso,Minas Gerais,THMTRANSPORTEELOGISTICALTDA
FortalezadeMinas,Minas Gerais,THMTRANSPORTEELOGISTICALTDA
FortunadeMinas,Minas Gerais,THMTRANSPORTEELOGISTICALTDA
FranciscoBadaró,Minas Gerais,THMTRANSPORTEELOGISTICALTDA
FranciscoDumont,Minas Gerais,THMTRANSPORTEELOGISTICALTDA
FranciscoSá,Minas Gerais,THMTRANSPORTEELOGISTICALTDA
Franciscópolis,Minas Gerais,THMTRANSPORTEELOGISTICALTDA
FreiGaspar,Minas Gerais,THMTRANSPORTEELOGISTICALTDA
FreiInocêncio,Minas Gerais,THMTRANSPORTEELOGISTICALTDA
FreiLagonegro,Minas Gerais,THMTRANSPORTEELOGISTICALTDA
Fronteira,Minas Gerais,THMTRANSPORTEELOGISTICALTDA
FronteiradosVales,Minas Gerais,THMTRANSPORTEELOGISTICALTDA
FrutadeLeite,Minas Gerais,THMTRANSPORTEELOGISTICALTDA
Frutal,Minas Gerais,THMTRANSPORTEELOGISTICALTDA
Funilândia,Minas Gerais,THMTRANSPORTEELOGISTICALTDA
Galiléia,Minas Gerais,THMTRANSPORTEELOGISTICALTDA
Gameleiras,Minas Gerais,THMTRANSPORTEELOGISTICALTDA
Glaucilândia,Minas Gerais,THMTRANSPORTEELOGISTICALTDA
Goiabeira,Minas Gerais,THMTRANSPORTEELOGISTICALTDA
Goianá,Minas Gerais,THMTRANSPORTEELOGISTICALTDA
Gonçalves,Minas Gerais,THMTRANSPORTEELOGISTICALTDA
Gonzaga,Minas Gerais,THMTRANSPORTEELOGISTICALTDA
Gouveia,Minas Gerais,THMTRANSPORTEELOGISTICALTDA
GovernadorValadares,Minas Gerais,THMTRANSPORTEELOGISTICALTDA
GrãoMogol,Minas Gerais,THMTRANSPORTEELOGISTICALTDA
Grupiara,Minas Gerais,THMTRANSPORTEELOGISTICALTDA
Guanhães,Minas Gerais,THMTRANSPORTEELOGISTICALTDA
Guapé,Minas Gerais,THMTRANSPORTEELOGISTICALTDA
Guaraciaba,Minas Gerais,THMTRANSPORTEELOGISTICALTDA
Guaraciama,Minas Gerais,THMTRANSPORTEELOGISTICALTDA
Guaranésia,Minas Gerais,THMTRANSPORTEELOGISTICALTDA
Guarani,Minas Gerais,THMTRANSPORTEELOGISTICALTDA
Guarará,Minas Gerais,THMTRANSPORTEELOGISTICALTDA
Guarda-Mor,Minas Gerais,THMTRANSPORTEELOGISTICALTDA
Guaxupé,Minas Gerais,THMTRANSPORTEELOGISTICALTDA
Guidoval,Minas Gerais,THMTRANSPORTEELOGISTICALTDA
Guimarânia,Minas Gerais,THMTRANSPORTEELOGISTICALTDA
Guiricema,Minas Gerais,THMTRANSPORTEELOGISTICALTDA
Gurinhatã,Minas Gerais,THMTRANSPORTEELOGISTICALTDA
Heliodora,Minas Gerais,THMTRANSPORTEELOGISTICALTDA
Iapu,Minas Gerais,THMTRANSPORTEELOGISTICALTDA
Ibertioga,Minas Gerais,THMTRANSPORTEELOGISTICALTDA
Ibiá,Minas Gerais,THMTRANSPORTEELOGISTICALTDA
Ibiaí,Minas Gerais,THMTRANSPORTEELOGISTICALTDA
Ibiracatu,Minas Gerais,THMTRANSPORTEELOGISTICALTDA
Ibiraci,Minas Gerais,THMTRANSPORTEELOGISTICALTDA
Ibirité,Minas Gerais,THMTRANSPORTEELOGISTICALTDA
IbitiúradeMinas,Minas Gerais,THMTRANSPORTEELOGISTICALTDA
Ibituruna,Minas Gerais,THMTRANSPORTEELOGISTICALTDA
IcaraídeMinas,Minas Gerais,THMTRANSPORTEELOGISTICALTDA
Igarapé,Minas Gerais,THMTRANSPORTEELOGISTICALTDA
Igaratinga,Minas Gerais,THMTRANSPORTEELOGISTICALTDA
Iguatama,Minas Gerais,THMTRANSPORTEELOGISTICALTDA
Ijaci,Minas Gerais,THMTRANSPORTEELOGISTICALTDA
Ilicínea,Minas Gerais,THMTRANSPORTEELOGISTICALTDA
ImbédeMinas,Minas Gerais,THMTRANSPORTEELOGISTICALTDA
Inconfidentes,Minas Gerais,E4LOGSOLUCOESLOGISTICASLTDA
Indaiabira,Minas Gerais,THMTRANSPORTEELOGISTICALTDA
Indianópolis,Minas Gerais,THMTRANSPORTEELOGISTICALTDA
Ingaí,Minas Gerais,THMTRANSPORTEELOGISTICALTDA
Inhapim,Minas Gerais,THMTRANSPORTEELOGISTICALTDA
Inhaúma,Minas Gerais,THMTRANSPORTEELOGISTICALTDA
Inimutaba,Minas Gerais,THMTRANSPORTEELOGISTICALTDA
Ipaba,Minas Gerais,THMTRANSPORTEELOGISTICALTDA
Ipanema,Minas Gerais,THMTRANSPORTEELOGISTICALTDA
Ipatinga,Minas Gerais,THMTRANSPORTEELOGISTICALTDA
Ipiaçu,Minas Gerais,THMTRANSPORTEELOGISTICALTDA
Ipuiúna,Minas Gerais,E4LOGSOLUCOESLOGISTICASLTDA
IraídeMinas,Minas Gerais,THMTRANSPORTEELOGISTICALTDA
Itabira,Minas Gerais,THMTRANSPORTEELOGISTICALTDA
Itabirinha,Minas Gerais,THMTRANSPORTEELOGISTICALTDA
Itabirito,Minas Gerais,THMTRANSPORTEELOGISTICALTDA
Itacambira,Minas Gerais,THMTRANSPORTEELOGISTICALTDA
Itacarambi,Minas Gerais,THMTRANSPORTEELOGISTICALTDA
Itaguara,Minas Gerais,THMTRANSPORTEELOGISTICALTDA
Itaipé,Minas Gerais,THMTRANSPORTEELOGISTICALTDA
Itajubá,Minas Gerais,THMTRANSPORTEELOGISTICALTDA
Itamarandiba,Minas Gerais,THMTRANSPORTEELOGISTICALTDA
ItamaratideMinas,Minas Gerais,THMTRANSPORTEELOGISTICALTDA
Itambacuri,Minas Gerais,THMTRANSPORTEELOGISTICALTDA
ItambédoMatoDentro,Minas Gerais,THMTRANSPORTEELOGISTICALTDA
Itamogi,Minas Gerais,THMTRANSPORTEELOGISTICALTDA
Itamonte,Minas Gerais,THMTRANSPORTEELOGISTICALTDA
Itanhandu,Minas Gerais,THMTRANSPORTEELOGISTICALTDA
Itanhomi,Minas Gerais,THMTRANSPORTEELOGISTICALTDA
Itaobim,Minas Gerais,THMTRANSPORTEELOGISTICALTDA
Itapagipe,Minas Gerais,THMTRANSPORTEELOGISTICALTDA
Itapecerica,Minas Gerais,THMTRANSPORTEELOGISTICALTDA
Itapeva,Minas Gerais,E4LOGSOLUCOESLOGISTICASLTDA
Itatiaiuçu,Minas Gerais,THMTRANSPORTEELOGISTICALTDA
ItaúdeMinas,Minas Gerais,THMTRANSPORTEELOGISTICALTDA
Itaúna,Minas Gerais,THMTRANSPORTEELOGISTICALTDA
Itaverava,Minas Gerais,THMTRANSPORTEELOGISTICALTDA
Itinga,Minas Gerais,THMTRANSPORTEELOGISTICALTDA
Itueta,Minas Gerais,THMTRANSPORTEELOGISTICALTDA
Ituiutaba,Minas Gerais,THMTRANSPORTEELOGISTICALTDA
Itumirim,Minas Gerais,THMTRANSPORTEELOGISTICALTDA
Iturama,Minas Gerais,THMTRANSPORTEELOGISTICALTDA
Itutinga,Minas Gerais,THMTRANSPORTEELOGISTICALTDA
Jaboticatubas,Minas Gerais,THMTRANSPORTEELOGISTICALTDA
Jacinto,Minas Gerais,THMTRANSPORTEELOGISTICALTDA
Jacuí,Minas Gerais,THMTRANSPORTEELOGISTICALTDA
Jacutinga,Minas Gerais,E4LOGSOLUCOESLOGISTICASLTDA
Jaguaraçu,Minas Gerais,THMTRANSPORTEELOGISTICALTDA
Jaíba,Minas Gerais,THMTRANSPORTEELOGISTICALTDA
Jampruca,Minas Gerais,THMTRANSPORTEELOGISTICALTDA
Janaúba,Minas Gerais,THMTRANSPORTEELOGISTICALTDA
Januária,Minas Gerais,THMTRANSPORTEELOGISTICALTDA
Japaraíba,Minas Gerais,THMTRANSPORTEELOGISTICALTDA
Japonvar,Minas Gerais,THMTRANSPORTEELOGISTICALTDA
Jeceaba,Minas Gerais,THMTRANSPORTEELOGISTICALTDA
JenipapodeMinas,Minas Gerais,THMTRANSPORTEELOGISTICALTDA
Jequeri,Minas Gerais,THMTRANSPORTEELOGISTICALTDA
Jequitaí,Minas Gerais,THMTRANSPORTEELOGISTICALTDA
Jequitibá,Minas Gerais,THMTRANSPORTEELOGISTICALTDA
Jequitinhonha,Minas Gerais,THMTRANSPORTEELOGISTICALTDA
Jesuânia,Minas Gerais,THMTRANSPORTEELOGISTICALTDA
Joaíma,Minas Gerais,THMTRANSPORTEELOGISTICALTDA
Joanésia,Minas Gerais,THMTRANSPORTEELOGISTICALTDA
JoãoMonlevade,Minas Gerais,THMTRANSPORTEELOGISTICALTDA
JoãoPinheiro,Minas Gerais,THMTRANSPORTEELOGISTICALTDA
JoaquimFelício,Minas Gerais,THMTRANSPORTEELOGISTICALTDA
Jordânia,Minas Gerais,THMTRANSPORTEELOGISTICALTDA
JoséGonçalvesdeMinas,Minas Gerais,THMTRANSPORTEELOGISTICALTDA
JoséRaydan,Minas Gerais,THMTRANSPORTEELOGISTICALTDA
Josenópolis,Minas Gerais,THMTRANSPORTEELOGISTICALTDA
NovaUnião,Minas Gerais,THMTRANSPORTEELOGISTICALTDA
Juatuba,Minas Gerais,THMTRANSPORTEELOGISTICALTDA
JuizdeFora,Minas Gerais,THMTRANSPORTEELOGISTICALTDA
Juramento,Minas Gerais,THMTRANSPORTEELOGISTICALTDA
Juruaia,Minas Gerais,THMTRANSPORTEELOGISTICALTDA
Juvenília,Minas Gerais,THMTRANSPORTEELOGISTICALTDA
Ladainha,Minas Gerais,THMTRANSPORTEELOGISTICALTDA
Lagamar,Minas Gerais,THMTRANSPORTEELOGISTICALTDA
LagoadaPrata,Minas Gerais,THMTRANSPORTEELOGISTICALTDA
LagoadosPatos,Minas Gerais,THMTRANSPORTEELOGISTICALTDA
LagoaDourada,Minas Gerais,THMTRANSPORTEELOGISTICALTDA
LagoaFormosa,Minas Gerais,THMTRANSPORTEELOGISTICALTDA
LagoaGrande,Minas Gerais,THMTRANSPORTEELOGISTICALTDA
LagoaSanta,Minas Gerais,THMTRANSPORTEELOGISTICALTDA
Lajinha,Minas Gerais,THMTRANSPORTEELOGISTICALTDA
Lambari,Minas Gerais,THMTRANSPORTEELOGISTICALTDA
Lamim,Minas Gerais,THMTRANSPORTEELOGISTICALTDA
Laranjal,Minas Gerais,THMTRANSPORTEELOGISTICALTDA
Lassance,Minas Gerais,THMTRANSPORTEELOGISTICALTDA
Lavras,Minas Gerais,THMTRANSPORTEELOGISTICALTDA
LeandroFerreira,Minas Gerais,THMTRANSPORTEELOGISTICALTDA
LemedoPrado,Minas Gerais,THMTRANSPORTEELOGISTICALTDA
Leopoldina,Minas Gerais,THMTRANSPORTEELOGISTICALTDA
Liberdade,Minas Gerais,THMTRANSPORTEELOGISTICALTDA
LimaDuarte,Minas Gerais,THMTRANSPORTEELOGISTICALTDA
LimeiradoOeste,Minas Gerais,THMTRANSPORTEELOGISTICALTDA
Lontra,Minas Gerais,THMTRANSPORTEELOGISTICALTDA
Luisburgo,Minas Gerais,THMTRANSPORTEELOGISTICALTDA
Luislândia,Minas Gerais,THMTRANSPORTEELOGISTICALTDA
Luminárias,Minas Gerais,THMTRANSPORTEELOGISTICALTDA
Luz,Minas Gerais,THMTRANSPORTEELOGISTICALTDA
Machacalis,Minas Gerais,THMTRANSPORTEELOGISTICALTDA
Machado,Minas Gerais,E4LOGSOLUCOESLOGISTICASLTDA
MadredeDeusdeMinas,Minas Gerais,THMTRANSPORTEELOGISTICALTDA
Malacacheta,Minas Gerais,THMTRANSPORTEELOGISTICALTDA
Mamonas,Minas Gerais,THMTRANSPORTEELOGISTICALTDA
Manga,Minas Gerais,THMTRANSPORTEELOGISTICALTDA
Manhuaçu,Minas Gerais,THMTRANSPORTEELOGISTICALTDA
Manhumirim,Minas Gerais,THMTRANSPORTEELOGISTICALTDA
Mantena,Minas Gerais,THMTRANSPORTEELOGISTICALTDA
Maravilhas,Minas Gerais,THMTRANSPORTEELOGISTICALTDA
MardeEspanha,Minas Gerais,THMTRANSPORTEELOGISTICALTDA
MariadaFé,Minas Gerais,THMTRANSPORTEELOGISTICALTDA
Mariana,Minas Gerais,THMTRANSPORTEELOGISTICALTDA
Marilac,Minas Gerais,THMTRANSPORTEELOGISTICALTDA
MárioCampos,Minas Gerais,THMTRANSPORTEELOGISTICALTDA
MaripádeMinas,Minas Gerais,THMTRANSPORTEELOGISTICALTDA
Marliéria,Minas Gerais,THMTRANSPORTEELOGISTICALTDA
Marmelópolis,Minas Gerais,THMTRANSPORTEELOGISTICALTDA
MartinhoCampos,Minas Gerais,THMTRANSPORTEELOGISTICALTDA
MartinsSoares,Minas Gerais,THMTRANSPORTEELOGISTICALTDA
MataVerde,Minas Gerais,THMTRANSPORTEELOGISTICALTDA
Materlândia,Minas Gerais,THMTRANSPORTEELOGISTICALTDA
MateusLeme,Minas Gerais,THMTRANSPORTEELOGISTICALTDA
MatiasBarbosa,Minas Gerais,THMTRANSPORTEELOGISTICALTDA
MatiasCardoso,Minas Gerais,THMTRANSPORTEELOGISTICALTDA
Matipó,Minas Gerais,THMTRANSPORTEELOGISTICALTDA
MatoVerde,Minas Gerais,THMTRANSPORTEELOGISTICALTDA
Matozinhos,Minas Gerais,THMTRANSPORTEELOGISTICALTDA
Matutina,Minas Gerais,THMTRANSPORTEELOGISTICALTDA
Medeiros,Minas Gerais,THMTRANSPORTEELOGISTICALTDA
Medina,Minas Gerais,THMTRANSPORTEELOGISTICALTDA
MendesPimentel,Minas Gerais,THMTRANSPORTEELOGISTICALTDA
Mercês,Minas Gerais,THMTRANSPORTEELOGISTICALTDA
Mesquita,Minas Gerais,THMTRANSPORTEELOGISTICALTDA
MinasNovas,Minas Gerais,THMTRANSPORTEELOGISTICALTDA
Minduri,Minas Gerais,THMTRANSPORTEELOGISTICALTDA
Mirabela,Minas Gerais,THMTRANSPORTEELOGISTICALTDA
Miradouro,Minas Gerais,THMTRANSPORTEELOGISTICALTDA
Miraí,Minas Gerais,THMTRANSPORTEELOGISTICALTDA
Miravânia,Minas Gerais,THMTRANSPORTEELOGISTICALTDA
Moeda,Minas Gerais,THMTRANSPORTEELOGISTICALTDA
Moema,Minas Gerais,THMTRANSPORTEELOGISTICALTDA
Monjolos,Minas Gerais,E4LOGSOLUCOESLOGISTICASLTDA
MonsenhorPaulo,Minas Gerais,E4LOGSOLUCOESLOGISTICASLTDA
Montalvânia,Minas Gerais,THMTRANSPORTEELOGISTICALTDA
MonteAlegredeMinas,Minas Gerais,THMTRANSPORTEELOGISTICALTDA
MonteAzul,Minas Gerais,THMTRANSPORTEELOGISTICALTDA
MonteBelo,Minas Gerais,THMTRANSPORTEELOGISTICALTDA
MonteCarmelo,Minas Gerais,THMTRANSPORTEELOGISTICALTDA
MonteFormoso,Minas Gerais,THMTRANSPORTEELOGISTICALTDA
MonteSantodeMinas,Minas Gerais,THMTRANSPORTEELOGISTICALTDA
MontesClaros,Minas Gerais,THMTRANSPORTEELOGISTICALTDA
MonteSião,Minas Gerais,E4LOGSOLUCOESLOGISTICASLTDA
Montezuma,Minas Gerais,THMTRANSPORTEELOGISTICALTDA
MoradaNovadeMinas,Minas Gerais,THMTRANSPORTEELOGISTICALTDA
MorrodaGarça,Minas Gerais,THMTRANSPORTEELOGISTICALTDA
MorrodoPilar,Minas Gerais,THMTRANSPORTEELOGISTICALTDA
Munhoz,Minas Gerais,THMTRANSPORTEELOGISTICALTDA
Muriaé,Minas Gerais,THMTRANSPORTEELOGISTICALTDA
Mutum,Minas Gerais,THMTRANSPORTEELOGISTICALTDA
Muzambinho,Minas Gerais,THMTRANSPORTEELOGISTICALTDA
NacipRaydan,Minas Gerais,THMTRANSPORTEELOGISTICALTDA
Nanuque,Minas Gerais,THMTRANSPORTEELOGISTICALTDA
Naque,Minas Gerais,THMTRANSPORTEELOGISTICALTDA
Natalândia,Minas Gerais,THMTRANSPORTEELOGISTICALTDA
Natércia,Minas Gerais,THMTRANSPORTEELOGISTICALTDA
Nazareno,Minas Gerais,THMTRANSPORTEELOGISTICALTDA
Nepomuceno,Minas Gerais,THMTRANSPORTEELOGISTICALTDA
Ninheira,Minas Gerais,THMTRANSPORTEELOGISTICALTDA
NovaBelém,Minas Gerais,THMTRANSPORTEELOGISTICALTDA
NovaEra,Minas Gerais,THMTRANSPORTEELOGISTICALTDA
NovaLima,Minas Gerais,THMTRANSPORTEELOGISTICALTDA
NovaMódica,Minas Gerais,THMTRANSPORTEELOGISTICALTDA
NovaPonte,Minas Gerais,E4LOGSOLUCOESLOGISTICASLTDA
NovaPorteirinha,Minas Gerais,THMTRANSPORTEELOGISTICALTDA
NovaResende,Minas Gerais,THMTRANSPORTEELOGISTICALTDA
NovaSerrana,Minas Gerais,THMTRANSPORTEELOGISTICALTDA
NovoCruzeiro,Minas Gerais,THMTRANSPORTEELOGISTICALTDA
NovoOrientedeMinas,Minas Gerais,THMTRANSPORTEELOGISTICALTDA
Novorizonte,Minas Gerais,THMTRANSPORTEELOGISTICALTDA
Olaria,Minas Gerais,THMTRANSPORTEELOGISTICALTDA
Olhos-d'Água,Minas Gerais,THMTRANSPORTEELOGISTICALTDA
OlímpioNoronha,Minas Gerais,THMTRANSPORTEELOGISTICALTDA
Oliveira,Minas Gerais,THMTRANSPORTEELOGISTICALTDA
OliveiraFortes,Minas Gerais,THMTRANSPORTEELOGISTICALTDA
OnçadePitangui,Minas Gerais,THMTRANSPORTEELOGISTICALTDA
Oratórios,Minas Gerais,THMTRANSPORTEELOGISTICALTDA
Orizânia,Minas Gerais,THMTRANSPORTEELOGISTICALTDA
OuroBranco,Minas Gerais,THMTRANSPORTEELOGISTICALTDA
OuroFino,Minas Gerais,E4LOGSOLUCOESLOGISTICASLTDA
OuroPreto,Minas Gerais,THMTRANSPORTEELOGISTICALTDA
OuroVerdedeMinas,Minas Gerais,THMTRANSPORTEELOGISTICALTDA
PadreCarvalho,Minas Gerais,THMTRANSPORTEELOGISTICALTDA
PadreParaíso,Minas Gerais,THMTRANSPORTEELOGISTICALTDA
Paineiras,Minas Gerais,THMTRANSPORTEELOGISTICALTDA
Pains,Minas Gerais,THMTRANSPORTEELOGISTICALTDA
PaiPedro,Minas Gerais,THMTRANSPORTEELOGISTICALTDA
Paiva,Minas Gerais,THMTRANSPORTEELOGISTICALTDA
Palma,Minas Gerais,THMTRANSPORTEELOGISTICALTDA
Palmópolis,Minas Gerais,THMTRANSPORTEELOGISTICALTDA
Papagaios,Minas Gerais,THMTRANSPORTEELOGISTICALTDA
Paracatu,Minas Gerais,THMTRANSPORTEELOGISTICALTDA
ParádeMinas,Minas Gerais,THMTRANSPORTEELOGISTICALTDA
Paraguaçu,Minas Gerais,E4LOGSOLUCOESLOGISTICASLTDA
Paraisópolis,Minas Gerais,THMTRANSPORTEELOGISTICALTDA
Paraopeba,Minas Gerais,THMTRANSPORTEELOGISTICALTDA
Passabém,Minas Gerais,THMTRANSPORTEELOGISTICALTDA
PassaQuatro,Minas Gerais,THMTRANSPORTEELOGISTICALTDA
PassaTempo,Minas Gerais,THMTRANSPORTEELOGISTICALTDA
PassaVinte,Minas Gerais,THMTRANSPORTEELOGISTICALTDA
Passos,Minas Gerais,THMTRANSPORTEELOGISTICALTDA
Patis,Minas Gerais,THMTRANSPORTEELOGISTICALTDA
PatosdeMinas,Minas Gerais,THMTRANSPORTEELOGISTICALTDA
Patrocínio,Minas Gerais,THMTRANSPORTEELOGISTICALTDA
PatrocíniodoMuriaé,Minas Gerais,THMTRANSPORTEELOGISTICALTDA
PaulaCândido,Minas Gerais,THMTRANSPORTEELOGISTICALTDA
Paulistas,Minas Gerais,THMTRANSPORTEELOGISTICALTDA
Pavão,Minas Gerais,THMTRANSPORTEELOGISTICALTDA
Peçanha,Minas Gerais,THMTRANSPORTEELOGISTICALTDA
PedraAzul,Minas Gerais,THMTRANSPORTEELOGISTICALTDA
PedraBonita,Minas Gerais,THMTRANSPORTEELOGISTICALTDA
PedradoAnta,Minas Gerais,THMTRANSPORTEELOGISTICALTDA
PedradoIndaiá,Minas Gerais,THMTRANSPORTEELOGISTICALTDA
PedraDourada,Minas Gerais,THMTRANSPORTEELOGISTICALTDA
Pedralva,Minas Gerais,THMTRANSPORTEELOGISTICALTDA
PedrasdeMariadaCruz,Minas Gerais,THMTRANSPORTEELOGISTICALTDA
Pedrinópolis,Minas Gerais,THMTRANSPORTEELOGISTICALTDA
PedroLeopoldo,Minas Gerais,THMTRANSPORTEELOGISTICALTDA
PedroTeixeira,Minas Gerais,THMTRANSPORTEELOGISTICALTDA
Pequeri,Minas Gerais,THMTRANSPORTEELOGISTICALTDA
Pequi,Minas Gerais,THMTRANSPORTEELOGISTICALTDA
Perdigão,Minas Gerais,THMTRANSPORTEELOGISTICALTDA
Perdizes,Minas Gerais,THMTRANSPORTEELOGISTICALTDA
Perdões,Minas Gerais,THMTRANSPORTEELOGISTICALTDA
Periquito,Minas Gerais,THMTRANSPORTEELOGISTICALTDA
Pescador,Minas Gerais,THMTRANSPORTEELOGISTICALTDA
Piau,Minas Gerais,THMTRANSPORTEELOGISTICALTDA
PiedadedeCaratinga,Minas Gerais,THMTRANSPORTEELOGISTICALTDA
PiedadedePonteNova,Minas Gerais,THMTRANSPORTEELOGISTICALTDA
PiedadedoRioGrande,Minas Gerais,THMTRANSPORTEELOGISTICALTDA
PiedadedosGerais,Minas Gerais,THMTRANSPORTEELOGISTICALTDA
Pimenta,Minas Gerais,THMTRANSPORTEELOGISTICALTDA
Pingo-d'Água,Minas Gerais,THMTRANSPORTEELOGISTICALTDA
Pintópolis,Minas Gerais,THMTRANSPORTEELOGISTICALTDA
Piracema,Minas Gerais,THMTRANSPORTEELOGISTICALTDA
Pirajuba,Minas Gerais,THMTRANSPORTEELOGISTICALTDA
Piranga,Minas Gerais,THMTRANSPORTEELOGISTICALTDA
Piranguçu,Minas Gerais,THMTRANSPORTEELOGISTICALTDA
Piranguinho,Minas Gerais,THMTRANSPORTEELOGISTICALTDA
Pirapetinga,Minas Gerais,THMTRANSPORTEELOGISTICALTDA
Pirapora,Minas Gerais,THMTRANSPORTEELOGISTICALTDA
Piraúba,Minas Gerais,THMTRANSPORTEELOGISTICALTDA
Pitangui,Minas Gerais,THMTRANSPORTEELOGISTICALTDA
Piumhi,Minas Gerais,THMTRANSPORTEELOGISTICALTDA
Planura,Minas Gerais,THMTRANSPORTEELOGISTICALTDA
PoçoFundo,Minas Gerais,THMTRANSPORTEELOGISTICALTDA
PoçosdeCaldas,Minas Gerais,E4LOGSOLUCOESLOGISTICASLTDA
Pocrane,Minas Gerais,THMTRANSPORTEELOGISTICALTDA
Pompéu,Minas Gerais,THMTRANSPORTEELOGISTICALTDA
PonteNova,Minas Gerais,THMTRANSPORTEELOGISTICALTDA
PontoChique,Minas Gerais,THMTRANSPORTEELOGISTICALTDA
PontodosVolantes,Minas Gerais,THMTRANSPORTEELOGISTICALTDA
Porteirinha,Minas Gerais,THMTRANSPORTEELOGISTICALTDA
PortoFirme,Minas Gerais,THMTRANSPORTEELOGISTICALTDA
Poté,Minas Gerais,THMTRANSPORTEELOGISTICALTDA
PousoAlegre,Minas Gerais,E4LOGSOLUCOESLOGISTICASLTDA
PousoAlto,Minas Gerais,THMTRANSPORTEELOGISTICALTDA
Prados,Minas Gerais,THMTRANSPORTEELOGISTICALTDA
Prata,Minas Gerais,THMTRANSPORTEELOGISTICALTDA
Pratápolis,Minas Gerais,THMTRANSPORTEELOGISTICALTDA
Pratinha,Minas Gerais,THMTRANSPORTEELOGISTICALTDA
PresidenteBernardes,Minas Gerais,THMTRANSPORTEELOGISTICALTDA
PresidenteJuscelino,Minas Gerais,THMTRANSPORTEELOGISTICALTDA
PresidenteKubitschek,Minas Gerais,THMTRANSPORTEELOGISTICALTDA
PresidenteOlegário,Minas Gerais,THMTRANSPORTEELOGISTICALTDA
AltoJequitibá,Minas Gerais,THMTRANSPORTEELOGISTICALTDA
PrudentedeMorais,Minas Gerais,THMTRANSPORTEELOGISTICALTDA
QuartelGeral,Minas Gerais,THMTRANSPORTEELOGISTICALTDA
Queluzito,Minas Gerais,THMTRANSPORTEELOGISTICALTDA
Raposos,Minas Gerais,THMTRANSPORTEELOGISTICALTDA
RaulSoares,Minas Gerais,THMTRANSPORTEELOGISTICALTDA
Recreio,Minas Gerais,THMTRANSPORTEELOGISTICALTDA
Reduto,Minas Gerais,THMTRANSPORTEELOGISTICALTDA
ResendeCosta,Minas Gerais,THMTRANSPORTEELOGISTICALTDA
Resplendor,Minas Gerais,THMTRANSPORTEELOGISTICALTDA
Ressaquinha,Minas Gerais,THMTRANSPORTEELOGISTICALTDA
Riachinho,Minas Gerais,THMTRANSPORTEELOGISTICALTDA
RiachodosMachados,Minas Gerais,THMTRANSPORTEELOGISTICALTDA
RibeirãodasNeves,Minas Gerais,THMTRANSPORTEELOGISTICALTDA
RibeirãoVermelho,Minas Gerais,THMTRANSPORTEELOGISTICALTDA
RioAcima,Minas Gerais,THMTRANSPORTEELOGISTICALTDA
RioCasca,Minas Gerais,THMTRANSPORTEELOGISTICALTDA
RioDoce,Minas Gerais,THMTRANSPORTEELOGISTICALTDA
RiodoPrado,Minas Gerais,THMTRANSPORTEELOGISTICALTDA
RioEspera,Minas Gerais,THMTRANSPORTEELOGISTICALTDA
RioManso,Minas Gerais,THMTRANSPORTEELOGISTICALTDA
RioNovo,Minas Gerais,THMTRANSPORTEELOGISTICALTDA
RioParanaíba,Minas Gerais,THMTRANSPORTEELOGISTICALTDA
RioPardodeMinas,Minas Gerais,THMTRANSPORTEELOGISTICALTDA
RioPiracicaba,Minas Gerais,THMTRANSPORTEELOGISTICALTDA
RioPomba,Minas Gerais,THMTRANSPORTEELOGISTICALTDA
RioPreto,Minas Gerais,THMTRANSPORTEELOGISTICALTDA
RioVermelho,Minas Gerais,THMTRANSPORTEELOGISTICALTDA
Ritápolis,Minas Gerais,THMTRANSPORTEELOGISTICALTDA
RochedodeMinas,Minas Gerais,THMTRANSPORTEELOGISTICALTDA
Rodeiro,Minas Gerais,THMTRANSPORTEELOGISTICALTDA
Romaria,Minas Gerais,THMTRANSPORTEELOGISTICALTDA
RosáriodaLimeira,Minas Gerais,THMTRANSPORTEELOGISTICALTDA
Rubelita,Minas Gerais,THMTRANSPORTEELOGISTICALTDA
Rubim,Minas Gerais,THMTRANSPORTEELOGISTICALTDA
Sabará,Minas Gerais,THMTRANSPORTEELOGISTICALTDA
Sabinópolis,Minas Gerais,THMTRANSPORTEELOGISTICALTDA
Sacramento,Minas Gerais,THMTRANSPORTEELOGISTICALTDA
Salinas,Minas Gerais,THMTRANSPORTEELOGISTICALTDA
SaltodaDivisa,Minas Gerais,THMTRANSPORTEELOGISTICALTDA
SantaBárbara,Minas Gerais,THMTRANSPORTEELOGISTICALTDA
SantaBárbaradoLeste,Minas Gerais,THMTRANSPORTEELOGISTICALTDA
SantaBárbaradoMonteVerde,Minas Gerais,THMTRANSPORTEELOGISTICALTDA
SantaBárbaradoTugúrio,Minas Gerais,THMTRANSPORTEELOGISTICALTDA
SantaCruzdeMinas,Minas Gerais,THMTRANSPORTEELOGISTICALTDA
SantaCruzdeSalinas,Minas Gerais,THMTRANSPORTEELOGISTICALTDA
SantaCruzdoEscalvado,Minas Gerais,THMTRANSPORTEELOGISTICALTDA
SantaEfigêniadeMinas,Minas Gerais,THMTRANSPORTEELOGISTICALTDA
SantaFédeMinas,Minas Gerais,THMTRANSPORTEELOGISTICALTDA
SantaHelenadeMinas,Minas Gerais,THMTRANSPORTEELOGISTICALTDA
SantaJuliana,Minas Gerais,THMTRANSPORTEELOGISTICALTDA
SantaLuzia,Minas Gerais,THMTRANSPORTEELOGISTICALTDA
SantaMargarida,Minas Gerais,THMTRANSPORTEELOGISTICALTDA
SantaMariadeItabira,Minas Gerais,THMTRANSPORTEELOGISTICALTDA
SantaMariadoSalto,Minas Gerais,THMTRANSPORTEELOGISTICALTDA
SantaMariadoSuaçuí,Minas Gerais,THMTRANSPORTEELOGISTICALTDA
SantanadaVargem,Minas Gerais,THMTRANSPORTEELOGISTICALTDA
SantanadeCataguases,Minas Gerais,THMTRANSPORTEELOGISTICALTDA
SantanadePirapama,Minas Gerais,THMTRANSPORTEELOGISTICALTDA
SantanadoDeserto,Minas Gerais,THMTRANSPORTEELOGISTICALTDA
SantanadoGarambéu,Minas Gerais,THMTRANSPORTEELOGISTICALTDA
SantanadoJacaré,Minas Gerais,THMTRANSPORTEELOGISTICALTDA
SantanadoManhuaçu,Minas Gerais,THMTRANSPORTEELOGISTICALTDA
SantanadoParaíso,Minas Gerais,THMTRANSPORTEELOGISTICALTDA
SantanadoRiacho,Minas Gerais,THMTRANSPORTEELOGISTICALTDA
SantanadosMontes,Minas Gerais,THMTRANSPORTEELOGISTICALTDA
SantaRitadeCaldas,Minas Gerais,E4LOGSOLUCOESLOGISTICASLTDA
SantaRitadeJacutinga,Minas Gerais,THMTRANSPORTEELOGISTICALTDA
SantaRitadeMinas,Minas Gerais,THMTRANSPORTEELOGISTICALTDA
SantaRitadeIbitipoca,Minas Gerais,THMTRANSPORTEELOGISTICALTDA
SantaRitadoItueto,Minas Gerais,THMTRANSPORTEELOGISTICALTDA
SantaRitadoSapucaí,Minas Gerais,THMTRANSPORTEELOGISTICALTDA
SantaRosadaSerra,Minas Gerais,THMTRANSPORTEELOGISTICALTDA
SantaVitória,Minas Gerais,THMTRANSPORTEELOGISTICALTDA
SantoAntôniodoAmparo,Minas Gerais,THMTRANSPORTEELOGISTICALTDA
SantoAntôniodoAventureiro,Minas Gerais,THMTRANSPORTEELOGISTICALTDA
SantoAntôniodoGrama,Minas Gerais,THMTRANSPORTEELOGISTICALTDA
SantoAntôniodoItambé,Minas Gerais,THMTRANSPORTEELOGISTICALTDA
SantoAntôniodoJacinto,Minas Gerais,THMTRANSPORTEELOGISTICALTDA
SantoAntôniodoMonte,Minas Gerais,THMTRANSPORTEELOGISTICALTDA
SantoAntôniodoRetiro,Minas Gerais,THMTRANSPORTEELOGISTICALTDA
SantoAntôniodoRioAbaixo,Minas Gerais,THMTRANSPORTEELOGISTICALTDA
SantoHipólito,Minas Gerais,THMTRANSPORTEELOGISTICALTDA
SantosDumont,Minas Gerais,THMTRANSPORTEELOGISTICALTDA
SãoBentoAbade,Minas Gerais,THMTRANSPORTEELOGISTICALTDA
SãoBrásdoSuaçuí,Minas Gerais,THMTRANSPORTEELOGISTICALTDA
SãoDomingosdasDores,Minas Gerais,THMTRANSPORTEELOGISTICALTDA
SãoDomingosdoPrata,Minas Gerais,THMTRANSPORTEELOGISTICALTDA
SãoFélixdeMinas,Minas Gerais,THMTRANSPORTEELOGISTICALTDA
SãoFrancisco,Minas Gerais,THMTRANSPORTEELOGISTICALTDA
SãoFranciscodePaula,Minas Gerais,THMTRANSPORTEELOGISTICALTDA
SãoFranciscodeSales,Minas Gerais,THMTRANSPORTEELOGISTICALTDA
SãoFranciscodoGlória,Minas Gerais,THMTRANSPORTEELOGISTICALTDA
SãoGeraldo,Minas Gerais,THMTRANSPORTEELOGISTICALTDA
SãoGeraldodaPiedade,Minas Gerais,THMTRANSPORTEELOGISTICALTDA
SãoGeraldodoBaixio,Minas Gerais,THMTRANSPORTEELOGISTICALTDA
SãoGonçalodoAbaeté,Minas Gerais,THMTRANSPORTEELOGISTICALTDA
SãoGonçalodoPará,Minas Gerais,THMTRANSPORTEELOGISTICALTDA
SãoGonçalodoRioAbaixo,Minas Gerais,THMTRANSPORTEELOGISTICALTDA
SãoGonçalodoSapucaí,Minas Gerais,THMTRANSPORTEELOGISTICALTDA
SãoGotardo,Minas Gerais,THMTRANSPORTEELOGISTICALTDA
SãoJoãoBatistadoGlória,Minas Gerais,THMTRANSPORTEELOGISTICALTDA
SãoJoãodaLagoa,Minas Gerais,THMTRANSPORTEELOGISTICALTDA
SãoJoãodaMata,Minas Gerais,E4LOGSOLUCOESLOGISTICASLTDA
SãoJoãodaPonte,Minas Gerais,THMTRANSPORTEELOGISTICALTDA
SãoJoãodasMissões,Minas Gerais,THMTRANSPORTEELOGISTICALTDA
SãoJoãodelRei,Minas Gerais,THMTRANSPORTEELOGISTICALTDA
SãoJoãodoManhuaçu,Minas Gerais,THMTRANSPORTEELOGISTICALTDA
SãoJoãodoManteninha,Minas Gerais,THMTRANSPORTEELOGISTICALTDA
SãoJoãodoOriente,Minas Gerais,THMTRANSPORTEELOGISTICALTDA
SãoJoãodoPacuí,Minas Gerais,THMTRANSPORTEELOGISTICALTDA
SãoJoãodoParaíso,Minas Gerais,THMTRANSPORTEELOGISTICALTDA
SãoJoãoEvangelista,Minas Gerais,THMTRANSPORTEELOGISTICALTDA
SãoJoãoNepomuceno,Minas Gerais,THMTRANSPORTEELOGISTICALTDA
SãoJoaquimdeBicas,Minas Gerais,THMTRANSPORTEELOGISTICALTDA
SãoJosédaBarra,Minas Gerais,THMTRANSPORTEELOGISTICALTDA
SãoJosédaLapa,Minas Gerais,THMTRANSPORTEELOGISTICALTDA
SãoJosédaSafira,Minas Gerais,THMTRANSPORTEELOGISTICALTDA
SãoJosédaVarginha,Minas Gerais,THMTRANSPORTEELOGISTICALTDA
SãoJosédoAlegre,Minas Gerais,THMTRANSPORTEELOGISTICALTDA
SãoJosédoDivino,Minas Gerais,THMTRANSPORTEELOGISTICALTDA
SãoJosédoGoiabal,Minas Gerais,THMTRANSPORTEELOGISTICALTDA
SãoJosédoJacuri,Minas Gerais,THMTRANSPORTEELOGISTICALTDA
SãoJosédoMantimento,Minas Gerais,THMTRANSPORTEELOGISTICALTDA
SãoLourenço,Minas Gerais,THMTRANSPORTEELOGISTICALTDA
SãoMigueldoAnta,Minas Gerais,THMTRANSPORTEELOGISTICALTDA
SãoPedrodaUnião,Minas Gerais,THMTRANSPORTEELOGISTICALTDA
SãoPedrodosFerros,Minas Gerais,THMTRANSPORTEELOGISTICALTDA
SãoPedrodoSuaçuí,Minas Gerais,THMTRANSPORTEELOGISTICALTDA
SãoRomão,Minas Gerais,THMTRANSPORTEELOGISTICALTDA
SãoRoquedeMinas,Minas Gerais,THMTRANSPORTEELOGISTICALTDA
SãoSebastiãodaBelaVista,Minas Gerais,THMTRANSPORTEELOGISTICALTDA
SãoSebastiãodaVargemAlegre,Minas Gerais,THMTRANSPORTEELOGISTICALTDA
SãoSebastiãodoAnta,Minas Gerais,THMTRANSPORTEELOGISTICALTDA
SãoSebastiãodoMaranhão,Minas Gerais,THMTRANSPORTEELOGISTICALTDA
SãoSebastiãodoOeste,Minas Gerais,THMTRANSPORTEELOGISTICALTDA
SãoSebastiãodoParaíso,Minas Gerais,THMTRANSPORTEELOGISTICALTDA
SãoSebastiãodoRioPreto,Minas Gerais,THMTRANSPORTEELOGISTICALTDA
SãoSebastiãodoRioVerde,Minas Gerais,THMTRANSPORTEELOGISTICALTDA
SãoTiago,Minas Gerais,THMTRANSPORTEELOGISTICALTDA
SãoTomásdeAquino,Minas Gerais,THMTRANSPORTEELOGISTICALTDA
SãoTomédasLetras,Minas Gerais,THMTRANSPORTEELOGISTICALTDA
SãoVicentedeMinas,Minas Gerais,THMTRANSPORTEELOGISTICALTDA
Sapucaí-Mirim,Minas Gerais,THMTRANSPORTEELOGISTICALTDA
Sardoá,Minas Gerais,THMTRANSPORTEELOGISTICALTDA
Sarzedo,Minas Gerais,THMTRANSPORTEELOGISTICALTDA
Setubinha,Minas Gerais,THMTRANSPORTEELOGISTICALTDA
Sem-Peixe,Minas Gerais,THMTRANSPORTEELOGISTICALTDA
SenadorAmaral,Minas Gerais,THMTRANSPORTEELOGISTICALTDA
SenadorCortes,Minas Gerais,THMTRANSPORTEELOGISTICALTDA
SenadorFirmino,Minas Gerais,THMTRANSPORTEELOGISTICALTDA
SenadorJoséBento,Minas Gerais,THMTRANSPORTEELOGISTICALTDA
SenadorModestinoGonçalves,Minas Gerais,THMTRANSPORTEELOGISTICALTDA
SenhoradeOliveira,Minas Gerais,THMTRANSPORTEELOGISTICALTDA
SenhoradoPorto,Minas Gerais,THMTRANSPORTEELOGISTICALTDA
SenhoradosRemédios,Minas Gerais,THMTRANSPORTEELOGISTICALTDA
Sericita,Minas Gerais,THMTRANSPORTEELOGISTICALTDA
Seritinga,Minas Gerais,THMTRANSPORTEELOGISTICALTDA
SerraAzuldeMinas,Minas Gerais,THMTRANSPORTEELOGISTICALTDA
SerradaSaudade,Minas Gerais,THMTRANSPORTEELOGISTICALTDA
SerradosAimorés,Minas Gerais,THMTRANSPORTEELOGISTICALTDA
SerradoSalitre,Minas Gerais,THMTRANSPORTEELOGISTICALTDA
Serrania,Minas Gerais,E4LOGSOLUCOESLOGISTICASLTDA
SerranópolisdeMinas,Minas Gerais,THMTRANSPORTEELOGISTICALTDA
Serranos,Minas Gerais,THMTRANSPORTEELOGISTICALTDA
Serro,Minas Gerais,THMTRANSPORTEELOGISTICALTDA
SeteLagoas,Minas Gerais,THMTRANSPORTEELOGISTICALTDA
Silveirânia,Minas Gerais,THMTRANSPORTEELOGISTICALTDA
Silvianópolis,Minas Gerais,E4LOGSOLUCOESLOGISTICASLTDA
SimãoPereira,Minas Gerais,THMTRANSPORTEELOGISTICALTDA
Simonésia,Minas Gerais,THMTRANSPORTEELOGISTICALTDA
Sobrália,Minas Gerais,THMTRANSPORTEELOGISTICALTDA
SoledadedeMinas,Minas Gerais,THMTRANSPORTEELOGISTICALTDA
Tabuleiro,Minas Gerais,THMTRANSPORTEELOGISTICALTDA
Taiobeiras,Minas Gerais,THMTRANSPORTEELOGISTICALTDA
Taparuba,Minas Gerais,THMTRANSPORTEELOGISTICALTDA
Tapira,Minas Gerais,THMTRANSPORTEELOGISTICALTDA
Tapiraí,Minas Gerais,THMTRANSPORTEELOGISTICALTDA
TaquaraçudeMinas,Minas Gerais,THMTRANSPORTEELOGISTICALTDA
Tarumirim,Minas Gerais,THMTRANSPORTEELOGISTICALTDA
Teixeiras,Minas Gerais,THMTRANSPORTEELOGISTICALTDA
TeófiloOtoni,Minas Gerais,THMTRANSPORTEELOGISTICALTDA
Timóteo,Minas Gerais,THMTRANSPORTEELOGISTICALTDA
Tiradentes,Minas Gerais,THMTRANSPORTEELOGISTICALTDA
Tiros,Minas Gerais,THMTRANSPORTEELOGISTICALTDA
Tocantins,Minas Gerais,THMTRANSPORTEELOGISTICALTDA
TocosdoMoji,Minas Gerais,THMTRANSPORTEELOGISTICALTDA
Toledo,Minas Gerais,THMTRANSPORTEELOGISTICALTDA
Tombos,Minas Gerais,THMTRANSPORTEELOGISTICALTDA
TrêsCorações,Minas Gerais,THMTRANSPORTEELOGISTICALTDA
TrêsMarias,Minas Gerais,THMTRANSPORTEELOGISTICALTDA
TrêsPontas,Minas Gerais,THMTRANSPORTEELOGISTICALTDA
Tumiritinga,Minas Gerais,THMTRANSPORTEELOGISTICALTDA
Tupaciguara,Minas Gerais,THMTRANSPORTEELOGISTICALTDA
Turmalina,Minas Gerais,THMTRANSPORTEELOGISTICALTDA
Turvolândia,Minas Gerais,THMTRANSPORTEELOGISTICALTDA
Ubá,Minas Gerais,THMTRANSPORTEELOGISTICALTDA
Ubaí,Minas Gerais,THMTRANSPORTEELOGISTICALTDA
Ubaporanga,Minas Gerais,THMTRANSPORTEELOGISTICALTDA
Uberaba,Minas Gerais,E4LOGSOLUCOESLOGISTICASLTDA
Uberlândia,Minas Gerais,E4LOGSOLUCOESLOGISTICASLTDA
Umburatiba,Minas Gerais,THMTRANSPORTEELOGISTICALTDA
Unaí,Minas Gerais,THMTRANSPORTEELOGISTICALTDA
UniãodeMinas,Minas Gerais,THMTRANSPORTEELOGISTICALTDA
UruanadeMinas,Minas Gerais,THMTRANSPORTEELOGISTICALTDA
Urucânia,Minas Gerais,THMTRANSPORTEELOGISTICALTDA
Urucuia,Minas Gerais,THMTRANSPORTEELOGISTICALTDA
VargemAlegre,Minas Gerais,THMTRANSPORTEELOGISTICALTDA
VargemBonita,Minas Gerais,THMTRANSPORTEELOGISTICALTDA
VargemGrandedoRioPardo,Minas Gerais,THMTRANSPORTEELOGISTICALTDA
Varginha,Minas Gerais,E4LOGSOLUCOESLOGISTICASLTDA
VarjãodeMinas,Minas Gerais,THMTRANSPORTEELOGISTICALTDA
VárzeadaPalma,Minas Gerais,THMTRANSPORTEELOGISTICALTDA
Varzelândia,Minas Gerais,THMTRANSPORTEELOGISTICALTDA
Vazante,Minas Gerais,THMTRANSPORTEELOGISTICALTDA
Verdelândia,Minas Gerais,THMTRANSPORTEELOGISTICALTDA
Veredinha,Minas Gerais,THMTRANSPORTEELOGISTICALTDA
Veríssimo,Minas Gerais,THMTRANSPORTEELOGISTICALTDA
VermelhoNovo,Minas Gerais,THMTRANSPORTEELOGISTICALTDA
Vespasiano,Minas Gerais,THMTRANSPORTEELOGISTICALTDA
Viçosa,Minas Gerais,THMTRANSPORTEELOGISTICALTDA
Vieiras,Minas Gerais,THMTRANSPORTEELOGISTICALTDA
MathiasLobato,Minas Gerais,THMTRANSPORTEELOGISTICALTDA
VirgemdaLapa,Minas Gerais,THMTRANSPORTEELOGISTICALTDA
Virgínia,Minas Gerais,THMTRANSPORTEELOGISTICALTDA
Virginópolis,Minas Gerais,THMTRANSPORTEELOGISTICALTDA
Virgolândia,Minas Gerais,THMTRANSPORTEELOGISTICALTDA
ViscondedoRioBranco,Minas Gerais,THMTRANSPORTEELOGISTICALTDA
VoltaGrande,Minas Gerais,THMTRANSPORTEELOGISTICALTDA
WenceslauBraz,Minas Gerais,THMTRANSPORTEELOGISTICALTDA
